{
    "Descending Aorta": {
        "max_diam_1": 24.698178070456937,
        "max_diam_2": 24.545875417267155,
        "min_diam": 21.783020910791965,
        "perimetr": 78.7695526217005,
        "area": 403,
        "ct_img": "2_ct_Descending Aorta.png",
        "mask_img": "2_mask_Descending Aorta.png"
    },
    "Isthmus": {
        "max_diam_1": 31.400636936215164,
        "max_diam_2": 31.12073263919087,
        "min_diam": 25.10975905897944,
        "perimetr": 105.39696961967,
        "area": 649,
        "ct_img": "2_ct_Isthmus.png",
        "mask_img": "2_mask_Isthmus.png"
    },
    "Arch after LSA": {
        "max_diam_1": 29.120439557122072,
        "max_diam_2": 28.78367592924851,
        "min_diam": 24.748737341529164,
        "perimetr": 92.08326112068525,
        "area": 543,
        "ct_img": "2_ct_Arch after LSA.png",
        "mask_img": "2_mask_Arch after LSA.png"
    },
    "Arch after LCCA": {
        "max_diam_1": 30.364452901377952,
        "max_diam_2": 30.364452901377952,
        "min_diam": 26.879360111431225,
        "perimetr": 102.32590180780454,
        "area": 647,
        "ct_img": "2_ct_Arch after LCCA.png",
        "mask_img": "2_mask_Arch after LCCA.png"
    },
    "Arch after TBC": {
        "max_diam_1": 64.76109943476871,
        "max_diam_2": 63.788713735268246,
        "min_diam": 3.0,
        "perimetr": 203.5807358037436,
        "area": 1218,
        "ct_img": "2_ct_Arch after TBC.png",
        "mask_img": "2_mask_Arch after TBC.png"
    },
    "Ascending Aorta befor TBC": {
        "max_diam_1": 36.6742416417845,
        "max_diam_2": 36.05551275463989,
        "min_diam": 33.94849039353591,
        "perimetr": 122.46803743153548,
        "area": 950,
        "ct_img": "2_ct_Ascending Aorta befor TBC.png",
        "mask_img": "2_mask_Ascending Aorta befor TBC.png"
    },
    "Ascending Aorta": {
        "max_diam_1": 39.56008088970496,
        "max_diam_2": 38.268786236304905,
        "min_diam": 34.30014577228499,
        "perimetr": 122.46803743153548,
        "area": 1002,
        "ct_img": "2_ct_Ascending Aorta.png",
        "mask_img": "2_mask_Ascending Aorta.png"
    }
}