{
    "Descending Aorta": {
        "max_diam_1": 29.614185789921695,
        "max_diam_2": 29.614185789921695,
        "min_diam": 25.495097567963924,
        "perimetr": 92.08326112068525,
        "area": 583,
        "ct_img": "3_ct_Descending Aorta.png",
        "mask_img": "3_mask_Descending Aorta.png"
    },
    "Isthmus": {
        "max_diam_1": 28.0178514522438,
        "max_diam_2": 28.0178514522438,
        "min_diam": 24.020824298928627,
        "perimetr": 86.1837661840736,
        "area": 503,
        "ct_img": "3_ct_Isthmus.png",
        "mask_img": "3_mask_Isthmus.png"
    },
    "Arch after LSA": {
        "max_diam_1": 30.610455730027933,
        "max_diam_2": 30.4138126514911,
        "min_diam": 25.93260495977988,
        "perimetr": 97.49747468305837,
        "area": 622,
        "ct_img": "3_ct_Arch after LSA.png",
        "mask_img": "3_mask_Arch after LSA.png"
    },
    "Arch after LCCA": {
        "max_diam_1": 34.20526275297414,
        "max_diam_2": 33.94849039353591,
        "min_diam": 30.59411708155671,
        "perimetr": 110.5685424949238,
        "area": 806,
        "ct_img": "3_ct_Arch after LCCA.png",
        "mask_img": "3_mask_Arch after LCCA.png"
    },
    "Arch after TBC": {
        "max_diam_1": 38.48376280978771,
        "max_diam_2": 38.242646351945886,
        "min_diam": 35.106979363083916,
        "perimetr": 127.39696961967,
        "area": 1061,
        "ct_img": "3_ct_Arch after TBC.png",
        "mask_img": "3_mask_Arch after TBC.png"
    },
    "Ascending Aorta befor TBC": {
        "max_diam_1": 48.27007354458868,
        "max_diam_2": 45.0111097397076,
        "min_diam": 39.528470752104745,
        "perimetr": 167.53910524340097,
        "area": 1427,
        "ct_img": "3_ct_Ascending Aorta befor TBC.png",
        "mask_img": "3_mask_Ascending Aorta befor TBC.png"
    },
    "Ascending Aorta": {
        "max_diam_1": 128.57682528356344,
        "max_diam_2": 126.80891135878424,
        "min_diam": 35.014282800023196,
        "perimetr": 463.889393668845,
        "area": 5266,
        "ct_img": "3_ct_Ascending Aorta.png",
        "mask_img": "3_mask_Ascending Aorta.png"
    }
}