{
    "Descending Aorta": {
        "max_diam_1": 46.8187996428785,
        "max_diam_2": 46.486557196677836,
        "min_diam": 41.14608122288197,
        "perimetr": 149.43860018001263,
        "area": 1448,
        "ct_img": "4_ct_Descending Aorta.png",
        "mask_img": "4_mask_Descending Aorta.png"
    },
    "Isthmus": {
        "max_diam_1": 35.35533905932738,
        "max_diam_2": 34.88552708502482,
        "min_diam": 30.59411708155671,
        "perimetr": 114.91168824543144,
        "area": 851,
        "ct_img": "4_ct_Isthmus.png",
        "mask_img": "4_mask_Isthmus.png"
    },
    "Arch after LSA": {
        "max_diam_1": 42.638011210655684,
        "max_diam_2": 41.71930009000631,
        "min_diam": 31.622776601683793,
        "perimetr": 130.2253967444162,
        "area": 1034,
        "ct_img": "4_ct_Arch after LSA.png",
        "mask_img": "4_mask_Arch after LSA.png"
    },
    "Arch after TBC": {
        "max_diam_1": 50.0,
        "max_diam_2": 49.33558553417604,
        "min_diam": 15.652475842498529,
        "perimetr": 183.43860018001266,
        "area": 1141,
        "ct_img": "4_ct_Arch after TBC.png",
        "mask_img": "4_mask_Arch after TBC.png"
    },
    "Ascending Aorta befor TBC": {
        "max_diam_1": 32.7566787083184,
        "max_diam_2": 32.64965543462902,
        "min_diam": 27.459060435491963,
        "perimetr": 107.15432893255071,
        "area": 691,
        "ct_img": "4_ct_Ascending Aorta befor TBC.png",
        "mask_img": "4_mask_Ascending Aorta befor TBC.png"
    },
    "Ascending Aorta": {
        "max_diam_1": 34.9857113690718,
        "max_diam_2": 34.438350715445125,
        "min_diam": 30.870698080866262,
        "perimetr": 111.39696961967,
        "area": 839,
        "ct_img": "4_ct_Ascending Aorta.png",
        "mask_img": "4_mask_Ascending Aorta.png"
    }
}